
<assembly
  xmlns="http://maven.apache.org/plugins/maven-assembly-plugin/assembly/1.1.2"
  xmlns:xsi="http://www.w3.org/2001/XMLSchema-instance"
  xsi:schemaLocation="http://maven.apache.org/plugins/maven-assembly-plugin/assembly/1.1.2 http://maven.apache.org/xsd/assembly-1.1.2.xsd">
    <includeBaseDirectory>false</includeBaseDirectory>
    <formats>
        <format>tar.gz</format>
        <format>tar.bz2</format>
        <format>zip</format>
        <format>jar</format>
    </formats>
    <files>
        <file>
            <source>${project.build.directory}/${artifactId}-${project.version}.jar</source>
            <destName>VoxelGuest.jar</destName>
            <outputDirectory>${project.build.directory}</outputDirectory>
            <filtered>false</filtered>
        </file>
    </files>
    <fileSets>
        <fileSet>
            <includes>
                <include>LICENSE.txt</include>
            </includes>
        </fileSet>
    </fileSets>
</assembly>